INSERT INTO tb_orders (order_id, order_date, user_id, payment_id, shipper_id, order_price, order_discount, voucher_id, order_total, rating_id)
VALUES
(1110001, '2022-01-20', 100101, 1202, 600002001, 250000, 15000, 41000101, 230000, 800010001),
(1110002, '2022-01-29', 100102, 1202, 600002001, 620000, 40000, 41000102, 575000, 800010002),
(1110003, '2022-02-13', 100103, 1204, 600002001, 6000000, 1000000, 41000103, 4995000, 800010003),
(1110004, '2022-04-28', 100104, 1203, 600002001, 3150000, 45000, 41000105, 3105000, 800010004),
(1110005, '2022-05-21', 100105, 1202, 600002002, 4000000, 1000000, 41000105, 2999500, 800010001),
(1110006, '2022-06-03', 100103, 1204, 600002003, 870000, 25000, NULL, 845000, 800010002),
(1110007, '2022-06-15', 100106, 1202, 600002001, 2000000, 0, NULL, 2000000, 800010002),
(1110008, '2022-06-23', 100104, 1204, 600002003, 1050000, 45000, NULL, 1005000, 800010004),
(1110009, '2022-07-01', 100110, 1202, 600002001, 550000, 15000, NULL, 535000, 800010001),
(1110010, '2022-07-21', 100102, 1204, 600002001, 490000, 35000, 41000115, 445000, 800010005);

INSERT INTO tb_user (user_id, user_first_name, user_last_name, user_gender, user_address, user_birthday, user_join)
VALUES
(100101, 'John', 'Doe', 'Male', '123 Main St, Jakarta', '1990-05-15', '2020-01-01'),
(100102, 'Jane', 'Smith', 'Female', '456 Elm St, Jakarta', '1985-08-22', '2019-03-15'),
(100103, 'Alice', 'Johnson', 'Female', '789 Pine St, Surabaya', '1992-12-05', '2021-06-18'),
(100104, 'Bob', 'Williams', 'Male', '101 Oak St, Bandung', '1988-11-30', '2022-01-10'),
(100105, 'Charlie', 'Brown', 'Male', '202 Maple St, Yogyakarta', '1986-07-12', '2018-09-23'),
(100106, 'David', 'Lee', 'Male', '303 Cedar St, Bali', '1994-03-25', '2021-11-09'),
(100107, 'Eve', 'Davis', 'Female', '404 Birch St, Medan', '1990-01-30', '2020-04-17'),
(100108, 'Frank', 'Miller', 'Male', '505 Pine St, Jakarta', '1982-02-14', '2017-08-20'),
(100109, 'Grace', 'Wilson', 'Female', '606 Cedar St, Surabaya', '1993-05-10', '2022-05-12'),
(100110, 'Hannah', 'Taylor', 'Female', '707 Oak St, Bali', '1989-11-01', '2022-07-21');

INSERT INTO tb_shipper (shipper_id, shipper_name)
VALUES
(600002001, 'Shipper A'),
(600002002, 'Shipper B'),
(600002003, 'Shipper C');


select * from tb_shipper

INSERT INTO tb_rating (rating_id, rating_level, rating_status)
VALUES
(800010001, 1, 'Very Low Impact'),
(800010002, 2, 'Low Impact'),
(800010003, 3, 'Medium Impact'),
(800010004, 4, 'Medium High Impact'),
(800010005, 5, 'High Impact');

INSERT INTO tb_payment (payment_id, payment_name, payment_status)
VALUES
(1201, 'Cash', TRUE),
(1202, 'Debit', TRUE),
(1203, 'Wallet', FALSE),
(1204, 'Credit', TRUE);

INSERT INTO tb_product_category (product_category_id, product_category_name)
VALUES
(320001001, 'Fashion'),
(320001002, 'Electronic'),
(320001003, 'Health & Beauty');

INSERT INTO tb_products (product_id, product_category_id, product_name, product_created, product_price, product_discount)
VALUES
(31110001, 320001001, 'Bag', '2022-01-01', 300000, 0),
(31110002, 320001001, 'Shirt', '2022-01-01', 250000, 15000),
(31110003, 320001002, 'Camera', '2022-01-10', 1800000, 0),
(31110004, 320001002, 'Television', '2022-01-11', 2000000, 0),
(31110005, 320001002, 'Headphone', '2022-01-12', 4000000, 1000000),
(31110006, 320001003, 'Supplement', '2022-01-12', 500000, 0),
(31110007, 320001003, 'Body Soap', '2022-01-13', 120000, 10000);

INSERT INTO tb_voucher (voucher_id, voucher_name, voucher_price, voucher_created, user_id)
VALUES
(41000101, 'New User', 5000, '2022-01-13', 100101),
(41000102, 'New User', 5000, '2022-01-29', 100102),
(41000103, 'New User', 5000, '2022-02-11', 100103),
(41000104, 'New User', 5000, '2022-03-22', 100104),
(41000105, 'New User', 5000, '2022-04-03', 100106),
(41000106, 'New User', 5000, '2022-05-10', 100107),
(41000107, 'New User', 5000, '2022-05-24', 100108),
(41000108, 'New User', 5000, '2022-06-02', 100109),
(41000109, 'New User', 5000, '2022-07-14', 100110),
(41000110, 'New User', 5000, '2022-07-21', 100110),
(41000111, 'Bag Promo', 20000, '2022-01-15', 100102),
(41000112, 'Bag Promo', 20000, '2022-03-01', 100103),
(41000113, 'Bag Promo', 20000, '2022-03-01', 100103),
(41000114, 'Body Soap Promo', 10000, '2022-03-01', 100107),
(41000115, 'Body Soap Promo', 10000, '2022-07-20', 100107);

INSERT INTO tb_order_items (order_item_id, order_id, product_id, order_item_quantity, product_discount, product_price, product_subprice)
VALUES
(90010001, 1110001, 31110002, 1, 15000, 250000, 250000),
(90010002, 1110001, 31110007, 1, 10000, 120000, 120000),
(90010003, 1110001, 31110002, 2, 15000, 250000, 500000),
(90010004, 1110001, 31110005, 1, 1000000, 2000000, 2000000),
(90010005, 1110002, 31110002, 1, 10000, 250000, 250000),
(90010006, 1110002, 31110003, 2, 15000, 300000, 600000),
(90010007, 1110002, 31110002, 3, 15000, 250000, 750000),
(90010008, 1110003, 31110004, 1, 0, 2000000, 2000000),
(90010009, 1110003, 31110005, 1, 1000000, 2000000, 2000000),
(90010010, 1110004, 31110002, 1, 15000, 250000, 250000),
(90010011, 1110004, 31110006, 1, 0, 500000, 500000),
(90010012, 1110005, 31110003, 1, 10000, 120000, 120000),
(90010013, 1110006, 31110005, 1, 1000000, 2000000, 2000000),
(90010014, 1110007, 31110007, 1, 0, 250000, 250000),
(90010015, 1110008, 31110003, 1, 15000, 300000, 300000),
(90010016, 1110009, 31110002, 1, 15000, 250000, 250000),
(90010017, 1110010, 31110002, 1, 15000, 250000, 250000),
(90010018, 1110010, 31110006, 1, 10000, 120000, 120000),
(90010019, 1110009, 31110004, 1, 0, 2000000, 2000000),
(90010020, 1110008, 31110006, 1, 15000, 300000, 300000),
(90010021, 1110007, 31110003, 1, 15000, 250000, 250000),
(90010022, 1110006, 31110002, 2, 10000, 120000, 240000);